sentence_id	token_idx	char	tag
SN0006-01 井录井报告.md__p1	7	鄂	B-block
SN0006-01 井录井报告.md__p1	8	尔	I-block
SN0006-01 井录井报告.md__p1	9	多	I-block
SN0006-01 井录井报告.md__p1	10	斯	I-block
SN0006-01 井录井报告.md__p1	11	盆	I-block
SN0006-01 井录井报告.md__p1	12	地	I-block
SN0006-01 井录井报告.md__p1	13	伊	I-block
SN0006-01 井录井报告.md__p1	14	陕	I-block
SN0006-01 井录井报告.md__p1	15	斜	I-block
SN0006-01 井录井报告.md__p1	16	坡	I-block
SN0006-01 井录井报告.md__p1	31	S	B-well_name
SN0006-01 井录井报告.md__p1	32	N	I-well_name
SN0006-01 井录井报告.md__p1	33	0	I-well_name
SN0006-01 井录井报告.md__p1	34	0	I-well_name
SN0006-01 井录井报告.md__p1	35	0	I-well_name
SN0006-01 井录井报告.md__p1	36	6	I-well_name
SN0006-01 井录井报告.md__p1	37	-	I-well_name
SN0006-01 井录井报告.md__p1	38	0	I-well_name
SN0006-01 井录井报告.md__p1	39	1	I-well_name
SN0006-01 井录井报告.md__p2	27	长	B-block
SN0006-01 井录井报告.md__p2	28	庆	I-block
SN0006-01 井录井报告.md__p2	29	油	I-block
SN0006-01 井录井报告.md__p2	30	田	I-block
SN0006-01 井录井报告.md__p2	31	分	I-block
SN0006-01 井录井报告.md__p2	32	公	I-block
SN0006-01 井录井报告.md__p2	33	司	I-block
SN0006-01 井录井报告.md__p3	13	涿	B-block
SN0006-01 井录井报告.md__p3	14	州	I-block
SN0006-01 井录井报告.md__p4	7	S	B-well_name
SN0006-01 井录井报告.md__p4	8	N	I-well_name
SN0006-01 井录井报告.md__p4	9	0	I-well_name
SN0006-01 井录井报告.md__p4	10	0	I-well_name
SN0006-01 井录井报告.md__p4	11	0	I-well_name
SN0006-01 井录井报告.md__p4	12	6	I-well_name
SN0006-01 井录井报告.md__p4	13	-	I-well_name
SN0006-01 井录井报告.md__p4	14	0	I-well_name
SN0006-01 井录井报告.md__p4	15	1	I-well_name
SN0006-01 井录井报告.md__p5	55	苏	B-block
SN0006-01 井录井报告.md__p5	56	里	I-block
SN0006-01 井录井报告.md__p5	57	格	I-block
SN0006-01 井录井报告.md__p5	58	南	I-block
SN0006-01 井录井报告.md__p5	59	作	I-block
SN0006-01 井录井报告.md__p5	60	业	I-block
SN0006-01 井录井报告.md__p5	61	分	I-block
SN0006-01 井录井报告.md__p5	62	公	I-block
SN0006-01 井录井报告.md__p5	63	司	I-block
SN0006-01 井录井报告.md__p7	42	S	B-well_name
SN0006-01 井录井报告.md__p7	43	N	I-well_name
SN0006-01 井录井报告.md__p7	44	0	I-well_name
SN0006-01 井录井报告.md__p7	45	0	I-well_name
SN0006-01 井录井报告.md__p7	46	0	I-well_name
SN0006-01 井录井报告.md__p7	47	6	I-well_name
SN0006-01 井录井报告.md__p7	48	-	I-well_name
SN0006-01 井录井报告.md__p7	49	0	I-well_name
SN0006-01 井录井报告.md__p7	50	1	I-well_name
SN0006-01 井录井报告.md__p9	1142	刘	B-block
SN0006-01 井录井报告.md__p9	1143	家	I-block
SN0006-01 井录井报告.md__p9	1144	沟	I-block
SN0006-01 井录井报告.md__p12	16	直	B-strat_unit
SN0006-01 井录井报告.md__p12	17	罗	I-strat_unit
SN0006-01 井录井报告.md__p12	18	组	I-strat_unit
SN0006-01 井录井报告.md__p12	42	直	B-strat_unit
SN0006-01 井录井报告.md__p12	43	罗	I-strat_unit
SN0006-01 井录井报告.md__p12	44	组	I-strat_unit
SN0006-01 井录井报告.md__p12	409	延	B-strat_unit
SN0006-01 井录井报告.md__p12	410	安	I-strat_unit
SN0006-01 井录井报告.md__p12	411	组	I-strat_unit
SN0006-01 井录井报告.md__p12	435	延	B-strat_unit
SN0006-01 井录井报告.md__p12	436	安	I-strat_unit
SN0006-01 井录井报告.md__p12	437	组	I-strat_unit
SN0006-01 井录井报告.md__p12	631	煤	B-lithology
SN0006-01 井录井报告.md__p12	632	层	I-lithology
SN0006-01 井录井报告.md__p12	787	延	B-strat_unit
SN0006-01 井录井报告.md__p12	788	长	I-strat_unit
SN0006-01 井录井报告.md__p12	789	组	I-strat_unit
SN0006-01 井录井报告.md__p12	814	延	B-strat_unit
SN0006-01 井录井报告.md__p12	815	长	I-strat_unit
SN0006-01 井录井报告.md__p12	816	组	I-strat_unit
SN0006-01 井录井报告.md__p22	101	石	B-strat_unit
SN0006-01 井录井报告.md__p22	102	盒	I-strat_unit
SN0006-01 井录井报告.md__p22	103	子	I-strat_unit
SN0006-01 井录井报告.md__p22	104	组	I-strat_unit
SN0006-01 井录井报告.md__p22	197	石	B-strat_unit
SN0006-01 井录井报告.md__p22	198	盒	I-strat_unit
SN0006-01 井录井报告.md__p22	199	子	I-strat_unit
SN0006-01 井录井报告.md__p22	200	组	I-strat_unit
SN0006-01 井录井报告.md__p22	225	石	B-strat_unit
SN0006-01 井录井报告.md__p22	226	盒	I-strat_unit
SN0006-01 井录井报告.md__p22	227	子	I-strat_unit
SN0006-01 井录井报告.md__p22	228	组	I-strat_unit
SN0006-01 井录井报告.md__p22	253	石	B-strat_unit
SN0006-01 井录井报告.md__p22	254	盒	I-strat_unit
SN0006-01 井录井报告.md__p22	255	子	I-strat_unit
SN0006-01 井录井报告.md__p22	256	组	I-strat_unit
SN0006-01 井录井报告.md__p22	281	石	B-strat_unit
SN0006-01 井录井报告.md__p22	282	盒	I-strat_unit
SN0006-01 井录井报告.md__p22	283	子	I-strat_unit
SN0006-01 井录井报告.md__p22	284	组	I-strat_unit
SN0006-01 井录井报告.md__p22	309	山	B-strat_unit
SN0006-01 井录井报告.md__p22	310	西	I-strat_unit
SN0006-01 井录井报告.md__p22	311	组	I-strat_unit
SN0006-02 井录井报告.md__p1	7	鄂	B-block
SN0006-02 井录井报告.md__p1	8	尔	I-block
SN0006-02 井录井报告.md__p1	9	多	I-block
SN0006-02 井录井报告.md__p1	10	斯	I-block
SN0006-02 井录井报告.md__p1	11	盆	I-block
SN0006-02 井录井报告.md__p1	12	地	I-block
SN0006-02 井录井报告.md__p1	13	伊	I-block
SN0006-02 井录井报告.md__p1	14	陕	I-block
SN0006-02 井录井报告.md__p1	15	斜	I-block
SN0006-02 井录井报告.md__p1	16	坡	I-block
SN0006-02 井录井报告.md__p1	31	S	B-well_name
SN0006-02 井录井报告.md__p1	32	N	I-well_name
SN0006-02 井录井报告.md__p1	33	0	I-well_name
SN0006-02 井录井报告.md__p1	34	0	I-well_name
SN0006-02 井录井报告.md__p1	35	0	I-well_name
SN0006-02 井录井报告.md__p1	36	6	I-well_name
SN0006-02 井录井报告.md__p1	37	-	I-well_name
SN0006-02 井录井报告.md__p1	38	0	I-well_name
SN0006-02 井录井报告.md__p1	39	2	I-well_name
SN0006-02 井录井报告.md__p2	27	长	B-block
SN0006-02 井录井报告.md__p2	28	庆	I-block
SN0006-02 井录井报告.md__p2	29	油	I-block
SN0006-02 井录井报告.md__p2	30	田	I-block
SN0006-02 井录井报告.md__p2	31	分	I-block
SN0006-02 井录井报告.md__p2	32	公	I-block
SN0006-02 井录井报告.md__p2	33	司	I-block
SN0006-02 井录井报告.md__p2	233	L	B-well_name
SN0006-02 井录井报告.md__p2	234	1	I-well_name
SN0006-02 井录井报告.md__p2	235	0	I-well_name
SN0006-02 井录井报告.md__p2	236	9	I-well_name
SN0006-02 井录井报告.md__p2	237	5	I-well_name
SN0006-02 井录井报告.md__p2	238	2	I-well_name
SN0006-02 井录井报告.md__p3	13	涿	B-block
SN0006-02 井录井报告.md__p3	14	州	I-block
SN0006-02 井录井报告.md__p4	294	苏	B-block
SN0006-02 井录井报告.md__p4	295	里	I-block
SN0006-02 井录井报告.md__p4	296	格	I-block
SN0006-02 井录井报告.md__p4	297	南	I-block
SN0006-02 井录井报告.md__p4	298	作	I-block
SN0006-02 井录井报告.md__p4	299	业	I-block
SN0006-02 井录井报告.md__p4	300	分	I-block
SN0006-02 井录井报告.md__p4	301	公	I-block
SN0006-02 井录井报告.md__p4	302	司	I-block
SN0006-02 井录井报告.md__p5	23	苏	B-block
SN0006-02 井录井报告.md__p5	24	里	I-block
SN0006-02 井录井报告.md__p5	25	格	I-block
SN0006-02 井录井报告.md__p5	26	南	I-block
SN0006-02 井录井报告.md__p5	27	作	I-block
SN0006-02 井录井报告.md__p5	28	业	I-block
SN0006-02 井录井报告.md__p5	29	分	I-block
SN0006-02 井录井报告.md__p5	30	公	I-block
SN0006-02 井录井报告.md__p5	31	司	I-block
SN0006-02 井录井报告.md__p5	210	地	B-strat_unit
SN0006-02 井录井报告.md__p5	211	层	I-strat_unit
SN0006-02 井录井报告.md__p6	183	S	B-well_name
SN0006-02 井录井报告.md__p6	184	N	I-well_name
SN0006-02 井录井报告.md__p6	185	0	I-well_name
SN0006-02 井录井报告.md__p6	186	0	I-well_name
SN0006-02 井录井报告.md__p6	187	0	I-well_name
SN0006-02 井录井报告.md__p6	188	6	I-well_name
SN0006-02 井录井报告.md__p6	189	-	I-well_name
SN0006-02 井录井报告.md__p6	190	0	I-well_name
SN0006-02 井录井报告.md__p6	191	2	I-well_name
SN0006-02 井录井报告.md__p8	582	马	B-strat_unit
SN0006-02 井录井报告.md__p8	583	家	I-strat_unit
SN0006-02 井录井报告.md__p8	584	沟	I-strat_unit
SN0006-02 井录井报告.md__p8	585	组	I-strat_unit
SN0006-02 井录井报告.md__p8	1837	马	B-strat_unit
SN0006-02 井录井报告.md__p8	1838	家	I-strat_unit
SN0006-02 井录井报告.md__p8	1839	沟	I-strat_unit
SN0006-02 井录井报告.md__p8	1840	组	I-strat_unit
SN0006-02 井录井报告.md__p11	16	直	B-strat_unit
SN0006-02 井录井报告.md__p11	17	罗	I-strat_unit
SN0006-02 井录井报告.md__p11	18	组	I-strat_unit
SN0006-02 井录井报告.md__p11	42	直	B-strat_unit
SN0006-02 井录井报告.md__p11	43	罗	I-strat_unit
SN0006-02 井录井报告.md__p11	44	组	I-strat_unit
SN0006-02 井录井报告.md__p11	407	延	B-strat_unit
SN0006-02 井录井报告.md__p11	408	安	I-strat_unit
SN0006-02 井录井报告.md__p11	409	组	I-strat_unit
SN0006-02 井录井报告.md__p11	433	延	B-strat_unit
SN0006-02 井录井报告.md__p11	434	安	I-strat_unit
SN0006-02 井录井报告.md__p11	435	组	I-strat_unit
SN0006-02 井录井报告.md__p11	666	煤	B-lithology
SN0006-02 井录井报告.md__p11	667	层	I-lithology
SN0006-02 井录井报告.md__p11	819	延	B-strat_unit
SN0006-02 井录井报告.md__p11	820	长	I-strat_unit
SN0006-02 井录井报告.md__p11	821	组	I-strat_unit
SN0006-02 井录井报告.md__p11	846	延	B-strat_unit
SN0006-02 井录井报告.md__p11	847	长	I-strat_unit
SN0006-02 井录井报告.md__p11	848	组	I-strat_unit
SN0006-02 井录井报告.md__p23	101	石	B-strat_unit
SN0006-02 井录井报告.md__p23	102	盒	I-strat_unit
SN0006-02 井录井报告.md__p23	103	子	I-strat_unit
SN0006-02 井录井报告.md__p23	104	组	I-strat_unit
SN0006-02 井录井报告.md__p23	106	山	B-strat_unit
SN0006-02 井录井报告.md__p23	107	西	I-strat_unit
SN0006-02 井录井报告.md__p23	108	组	I-strat_unit
SN0006-02 井录井报告.md__p23	200	山	B-strat_unit
SN0006-02 井录井报告.md__p23	201	西	I-strat_unit
SN0006-02 井录井报告.md__p23	202	组	I-strat_unit
SN0006-02i 井录井报告.md__p1	7	鄂	B-block
SN0006-02i 井录井报告.md__p1	8	尔	I-block
SN0006-02i 井录井报告.md__p1	9	多	I-block
SN0006-02i 井录井报告.md__p1	10	斯	I-block
SN0006-02i 井录井报告.md__p1	11	盆	I-block
SN0006-02i 井录井报告.md__p1	12	地	I-block
SN0006-02i 井录井报告.md__p1	13	伊	I-block
SN0006-02i 井录井报告.md__p1	14	陕	I-block
SN0006-02i 井录井报告.md__p1	15	斜	I-block
SN0006-02i 井录井报告.md__p1	16	坡	I-block
SN0006-02i 井录井报告.md__p6	597	奥	B-strat_unit
SN0006-02i 井录井报告.md__p6	598	陶	I-strat_unit
SN0006-02i 井录井报告.md__p6	599	系	I-strat_unit
SN0006-02i 井录井报告.md__p6	600	下	I-strat_unit
SN0006-02i 井录井报告.md__p6	601	统	I-strat_unit
SN0006-02i 井录井报告.md__p6	602	马	I-strat_unit
SN0006-02i 井录井报告.md__p6	603	家	I-strat_unit
SN0006-02i 井录井报告.md__p6	604	沟	I-strat_unit
SN0006-02i 井录井报告.md__p6	605	组	I-strat_unit
SN0006-02i 井录井报告.md__p19	91	石	B-strat_unit
SN0006-02i 井录井报告.md__p19	92	盒	I-strat_unit
SN0006-02i 井录井报告.md__p19	93	子	I-strat_unit
SN0006-02i 井录井报告.md__p19	94	组	I-strat_unit
SN0006-02i 井录井报告.md__p19	96	山	B-strat_unit
SN0006-02i 井录井报告.md__p19	97	西	I-strat_unit
SN0006-02i 井录井报告.md__p19	98	组	I-strat_unit
SN0006-02i 井录井报告.md__p19	190	石	B-strat_unit
SN0006-02i 井录井报告.md__p19	191	盒	I-strat_unit
SN0006-02i 井录井报告.md__p19	192	子	I-strat_unit
SN0006-02i 井录井报告.md__p19	193	组	I-strat_unit
SN0006-02i 井录井报告.md__p19	260	石	B-strat_unit
SN0006-02i 井录井报告.md__p19	261	盒	I-strat_unit
SN0006-02i 井录井报告.md__p19	262	子	I-strat_unit
SN0006-02i 井录井报告.md__p19	263	组	I-strat_unit
SN0006-03 井录井报告.md__p1	7	鄂	B-block
SN0006-03 井录井报告.md__p1	8	尔	I-block
SN0006-03 井录井报告.md__p1	9	多	I-block
SN0006-03 井录井报告.md__p1	10	斯	I-block
SN0006-03 井录井报告.md__p1	11	盆	I-block
SN0006-03 井录井报告.md__p1	12	地	I-block
SN0006-03 井录井报告.md__p1	13	伊	I-block
SN0006-03 井录井报告.md__p1	14	陕	I-block
SN0006-03 井录井报告.md__p1	15	斜	I-block
SN0006-03 井录井报告.md__p1	16	坡	I-block
SN0006-03 井录井报告.md__p1	31	S	B-well_name
SN0006-03 井录井报告.md__p1	32	N	I-well_name
SN0006-03 井录井报告.md__p1	33	0	I-well_name
SN0006-03 井录井报告.md__p1	34	0	I-well_name
SN0006-03 井录井报告.md__p1	35	0	I-well_name
SN0006-03 井录井报告.md__p1	36	6	I-well_name
SN0006-03 井录井报告.md__p1	37	-	I-well_name
SN0006-03 井录井报告.md__p1	38	0	I-well_name
SN0006-03 井录井报告.md__p1	39	3	I-well_name
SN0006-03 井录井报告.md__p2	27	长	B-block
SN0006-03 井录井报告.md__p2	28	庆	I-block
SN0006-03 井录井报告.md__p2	29	油	I-block
SN0006-03 井录井报告.md__p2	30	田	I-block
SN0006-03 井录井报告.md__p2	31	分	I-block
SN0006-03 井录井报告.md__p2	32	公	I-block
SN0006-03 井录井报告.md__p2	33	司	I-block
SN0006-03 井录井报告.md__p5	8	长	B-block
SN0006-03 井录井报告.md__p5	9	庆	I-block
SN0006-03 井录井报告.md__p5	10	油	I-block
SN0006-03 井录井报告.md__p5	11	田	I-block
SN0006-03 井录井报告.md__p5	12	苏	I-block
SN0006-03 井录井报告.md__p5	13	里	I-block
SN0006-03 井录井报告.md__p5	14	格	I-block
SN0006-03 井录井报告.md__p5	15	南	I-block
SN0006-03 井录井报告.md__p5	16	作	I-block
SN0006-03 井录井报告.md__p5	17	业	I-block
SN0006-03 井录井报告.md__p5	18	分	I-block
SN0006-03 井录井报告.md__p5	19	公	I-block
SN0006-03 井录井报告.md__p5	20	司	I-block
SN0006-03 井录井报告.md__p7	11	S	B-well_name
SN0006-03 井录井报告.md__p7	12	N	I-well_name
SN0006-03 井录井报告.md__p7	13	0	I-well_name
SN0006-03 井录井报告.md__p7	14	0	I-well_name
SN0006-03 井录井报告.md__p7	15	0	I-well_name
SN0006-03 井录井报告.md__p7	16	6	I-well_name
SN0006-03 井录井报告.md__p7	17	-	I-well_name
SN0006-03 井录井报告.md__p7	18	0	I-well_name
SN0006-03 井录井报告.md__p7	19	3	I-well_name
SN0006-03 井录井报告.md__p9	620	奥	B-strat_unit
SN0006-03 井录井报告.md__p9	621	陶	I-strat_unit
SN0006-03 井录井报告.md__p9	622	系	I-strat_unit
SN0006-03 井录井报告.md__p9	623	下	I-strat_unit
SN0006-03 井录井报告.md__p9	624	统	I-strat_unit
SN0006-03 井录井报告.md__p9	625	马	I-strat_unit
SN0006-03 井录井报告.md__p9	626	家	I-strat_unit
SN0006-03 井录井报告.md__p9	627	沟	I-strat_unit
SN0006-03 井录井报告.md__p9	628	组	I-strat_unit
SN0006-03 井录井报告.md__p24	93	石	B-strat_unit
SN0006-03 井录井报告.md__p24	94	盒	I-strat_unit
SN0006-03 井录井报告.md__p24	95	子	I-strat_unit
SN0006-03 井录井报告.md__p24	96	组	I-strat_unit
SN0006-03 井录井报告.md__p24	98	山	B-strat_unit
SN0006-03 井录井报告.md__p24	99	西	I-strat_unit
SN0006-03 井录井报告.md__p24	100	组	I-strat_unit
SN0006-03 井录井报告.md__p24	194	石	B-strat_unit
SN0006-03 井录井报告.md__p24	195	盒	I-strat_unit
SN0006-03 井录井报告.md__p24	196	子	I-strat_unit
SN0006-03 井录井报告.md__p24	197	组	I-strat_unit
SN0006-03 井录井报告.md__p24	226	石	B-strat_unit
SN0006-03 井录井报告.md__p24	227	盒	I-strat_unit
SN0006-03 井录井报告.md__p24	228	子	I-strat_unit
SN0006-03 井录井报告.md__p24	229	组	I-strat_unit
SN0006-03i 井录井报告.md__p1	7	鄂	B-block
SN0006-03i 井录井报告.md__p1	8	尔	I-block
SN0006-03i 井录井报告.md__p1	9	多	I-block
SN0006-03i 井录井报告.md__p1	10	斯	I-block
SN0006-03i 井录井报告.md__p1	11	盆	I-block
SN0006-03i 井录井报告.md__p1	12	地	I-block
SN0006-03i 井录井报告.md__p1	13	伊	I-block
SN0006-03i 井录井报告.md__p1	14	陕	I-block
SN0006-03i 井录井报告.md__p1	15	斜	I-block
SN0006-03i 井录井报告.md__p1	16	坡	I-block
SN0006-03i 井录井报告.md__p2	168	西	B-block
SN0006-03i 井录井报告.md__p2	169	部	I-block
SN0006-03i 井录井报告.md__p2	170	钻	I-block
SN0006-03i 井录井报告.md__p2	171	探	I-block
SN0006-03i 井录井报告.md__p2	172	吐	I-block
SN0006-03i 井录井报告.md__p2	173	哈	I-block
SN0006-03i 井录井报告.md__p2	174	录	I-block
SN0006-03i 井录井报告.md__p2	175	井	I-block
SN0006-03i 井录井报告.md__p2	176	程	I-block
SN0006-03i 井录井报告.md__p2	177	公	I-block
SN0006-03i 井录井报告.md__p2	178	司	I-block
SN0006-03i 井录井报告.md__p2	181	L	B-well_name
SN0006-03i 井录井报告.md__p2	182	1	I-well_name
SN0006-03i 井录井报告.md__p2	183	0	I-well_name
SN0006-03i 井录井报告.md__p2	184	9	I-well_name
SN0006-03i 井录井报告.md__p2	185	7	I-well_name
SN0006-03i 井录井报告.md__p2	186	9	I-well_name
SN0006-03i 井录井报告.md__p3	13	涿	B-block
SN0006-03i 井录井报告.md__p3	14	州	I-block
SN0006-03i 井录井报告.md__p6	214	录	B-block
SN0006-03i 井录井报告.md__p6	215	井	I-block
SN0006-03i 井录井报告.md__p6	216	报	I-block
SN0006-03i 井录井报告.md__p6	217	告	I-block
SN0006-03i 井录井报告.md__p6	218	附	I-block
SN0006-03i 井录井报告.md__p6	219	表	I-block
SN0006-05 井录井报告.md__p1	7	鄂	B-block
SN0006-05 井录井报告.md__p1	8	尔	I-block
SN0006-05 井录井报告.md__p1	9	多	I-block
SN0006-05 井录井报告.md__p1	10	斯	I-block
SN0006-05 井录井报告.md__p1	11	盆	I-block
SN0006-05 井录井报告.md__p1	12	地	I-block
SN0006-05 井录井报告.md__p1	13	伊	I-block
SN0006-05 井录井报告.md__p1	14	陕	I-block
SN0006-05 井录井报告.md__p1	15	斜	I-block
SN0006-05 井录井报告.md__p1	16	坡	I-block
SN0006-05 井录井报告.md__p1	31	S	B-well_name
SN0006-05 井录井报告.md__p1	32	N	I-well_name
SN0006-05 井录井报告.md__p1	33	0	I-well_name
SN0006-05 井录井报告.md__p1	34	0	I-well_name
SN0006-05 井录井报告.md__p1	35	0	I-well_name
SN0006-05 井录井报告.md__p1	36	6	I-well_name
SN0006-05 井录井报告.md__p1	37	-	I-well_name
SN0006-05 井录井报告.md__p1	38	0	I-well_name
SN0006-05 井录井报告.md__p1	39	5	I-well_name
SN0006-05 井录井报告.md__p3	13	涿	B-block
SN0006-05 井录井报告.md__p3	14	州	I-block
SN0006-05 井录井报告.md__p4	7	S	B-well_name
SN0006-05 井录井报告.md__p4	8	N	I-well_name
SN0006-05 井录井报告.md__p4	9	0	I-well_name
SN0006-05 井录井报告.md__p4	10	0	I-well_name
SN0006-05 井录井报告.md__p4	11	0	I-well_name
SN0006-05 井录井报告.md__p4	12	6	I-well_name
SN0006-05 井录井报告.md__p4	13	-	I-well_name
SN0006-05 井录井报告.md__p4	14	0	I-well_name
SN0006-05 井录井报告.md__p4	15	5	I-well_name
SN0006-05 井录井报告.md__p6	96	S	B-well_name
SN0006-05 井录井报告.md__p6	97	N	I-well_name
SN0006-05 井录井报告.md__p6	98	0	I-well_name
SN0006-05 井录井报告.md__p6	99	0	I-well_name
SN0006-05 井录井报告.md__p6	100	0	I-well_name
SN0006-05 井录井报告.md__p6	101	6	I-well_name
SN0006-05 井录井报告.md__p6	102	-	I-well_name
SN0006-05 井录井报告.md__p6	103	0	I-well_name
SN0006-05 井录井报告.md__p6	104	5	I-well_name
SN0006-05 井录井报告.md__p11	16	直	B-strat_unit
SN0006-05 井录井报告.md__p11	17	罗	I-strat_unit
SN0006-05 井录井报告.md__p11	18	组	I-strat_unit
SN0006-05 井录井报告.md__p11	42	直	B-strat_unit
SN0006-05 井录井报告.md__p11	43	罗	I-strat_unit
SN0006-05 井录井报告.md__p11	44	组	I-strat_unit
SN0006-05 井录井报告.md__p11	410	延	B-strat_unit
SN0006-05 井录井报告.md__p11	411	安	I-strat_unit
SN0006-05 井录井报告.md__p11	412	组	I-strat_unit
SN0006-05 井录井报告.md__p11	436	延	B-strat_unit
SN0006-05 井录井报告.md__p11	437	安	I-strat_unit
SN0006-05 井录井报告.md__p11	438	组	I-strat_unit
SN0006-05 井录井报告.md__p11	625	煤	B-lithology
SN0006-05 井录井报告.md__p11	626	层	I-lithology
SN0006-05 井录井报告.md__p11	778	延	B-strat_unit
SN0006-05 井录井报告.md__p11	779	长	I-strat_unit
SN0006-05 井录井报告.md__p11	780	组	I-strat_unit
SN0006-05 井录井报告.md__p11	805	延	B-strat_unit
SN0006-05 井录井报告.md__p11	806	长	I-strat_unit
SN0006-05 井录井报告.md__p11	807	组	I-strat_unit
SN0006-05 井录井报告.md__p23	108	伊	B-block
SN0006-05 井录井报告.md__p23	109	陕	I-block
SN0006-05 井录井报告.md__p23	110	斜	I-block
SN0006-05 井录井报告.md__p23	111	坡	I-block
SN0006-05 井录井报告.md__p23	137	伊	B-block
SN0006-05 井录井报告.md__p23	138	陕	I-block
SN0006-05 井录井报告.md__p23	139	斜	I-block
SN0006-05 井录井报告.md__p23	140	坡	I-block
SN0006-05 井录井报告.md__p23	494	山	B-strat_unit
SN0006-05 井录井报告.md__p23	495	西	I-strat_unit
SN0006-05 井录井报告.md__p23	496	组	I-strat_unit
SN0006-05 井录井报告.md__p24	101	石	B-strat_unit
SN0006-05 井录井报告.md__p24	102	盒	I-strat_unit
SN0006-05 井录井报告.md__p24	103	子	I-strat_unit
SN0006-05 井录井报告.md__p24	104	组	I-strat_unit
SN0006-05 井录井报告.md__p24	106	山	B-strat_unit
SN0006-05 井录井报告.md__p24	107	西	I-strat_unit
SN0006-05 井录井报告.md__p24	108	组	I-strat_unit
SN0006-05 井录井报告.md__p24	201	石	B-strat_unit
SN0006-05 井录井报告.md__p24	202	盒	I-strat_unit
SN0006-05 井录井报告.md__p24	203	子	I-strat_unit
SN0006-05 井录井报告.md__p24	204	组	I-strat_unit
SN0006-05 井录井报告.md__p24	229	石	B-strat_unit
SN0006-05 井录井报告.md__p24	230	盒	I-strat_unit
SN0006-05 井录井报告.md__p24	231	子	I-strat_unit
SN0006-05 井录井报告.md__p24	232	组	I-strat_unit
SN0006-05 井录井报告.md__p24	257	山	B-strat_unit
SN0006-05 井录井报告.md__p24	258	西	I-strat_unit
SN0006-05 井录井报告.md__p24	259	组	I-strat_unit
SN0006-05 井录井报告.md__p24	321	山	B-strat_unit
SN0006-05 井录井报告.md__p24	322	西	I-strat_unit
SN0006-05 井录井报告.md__p24	323	组	I-strat_unit
SN0006-05 井录井报告.md__p24	348	山	B-strat_unit
SN0006-05 井录井报告.md__p24	349	西	I-strat_unit
SN0006-05 井录井报告.md__p24	350	组	I-strat_unit
SN0006-06 井录井报告.md__p1	7	鄂	B-block
SN0006-06 井录井报告.md__p1	8	尔	I-block
SN0006-06 井录井报告.md__p1	9	多	I-block
SN0006-06 井录井报告.md__p1	10	斯	I-block
SN0006-06 井录井报告.md__p1	11	盆	I-block
SN0006-06 井录井报告.md__p1	12	地	I-block
SN0006-06 井录井报告.md__p1	13	伊	I-block
SN0006-06 井录井报告.md__p1	14	陕	I-block
SN0006-06 井录井报告.md__p1	15	斜	I-block
SN0006-06 井录井报告.md__p1	16	坡	I-block
SN0006-06 井录井报告.md__p1	31	S	B-well_name
SN0006-06 井录井报告.md__p1	32	N	I-well_name
SN0006-06 井录井报告.md__p1	33	0	I-well_name
SN0006-06 井录井报告.md__p1	34	0	I-well_name
SN0006-06 井录井报告.md__p1	35	0	I-well_name
SN0006-06 井录井报告.md__p1	36	6	I-well_name
SN0006-06 井录井报告.md__p1	37	-	I-well_name
SN0006-06 井录井报告.md__p1	38	0	I-well_name
SN0006-06 井录井报告.md__p1	39	6	I-well_name
SN0006-06 井录井报告.md__p4	7	S	B-well_name
SN0006-06 井录井报告.md__p4	8	N	I-well_name
SN0006-06 井录井报告.md__p4	9	0	I-well_name
SN0006-06 井录井报告.md__p4	10	0	I-well_name
SN0006-06 井录井报告.md__p4	11	0	I-well_name
SN0006-06 井录井报告.md__p4	12	6	I-well_name
SN0006-06 井录井报告.md__p4	13	-	I-well_name
SN0006-06 井录井报告.md__p4	14	0	I-well_name
SN0006-06 井录井报告.md__p4	15	6	I-well_name
SN0006-06 井录井报告.md__p5	8	长	B-block
SN0006-06 井录井报告.md__p5	9	庆	I-block
SN0006-06 井录井报告.md__p5	10	油	I-block
SN0006-06 井录井报告.md__p5	11	田	I-block
SN0006-06 井录井报告.md__p5	12	苏	I-block
SN0006-06 井录井报告.md__p5	13	里	I-block
SN0006-06 井录井报告.md__p5	14	格	I-block
SN0006-06 井录井报告.md__p5	15	南	I-block
SN0006-06 井录井报告.md__p5	16	作	I-block
SN0006-06 井录井报告.md__p5	17	业	I-block
SN0006-06 井录井报告.md__p5	18	分	I-block
SN0006-06 井录井报告.md__p5	19	公	I-block
SN0006-06 井录井报告.md__p5	20	司	I-block
SN0006-06 井录井报告.md__p7	11	S	B-well_name
SN0006-06 井录井报告.md__p7	12	N	I-well_name
SN0006-06 井录井报告.md__p7	13	0	I-well_name
SN0006-06 井录井报告.md__p7	14	0	I-well_name
SN0006-06 井录井报告.md__p7	15	0	I-well_name
SN0006-06 井录井报告.md__p7	16	6	I-well_name
SN0006-06 井录井报告.md__p7	17	-	I-well_name
SN0006-06 井录井报告.md__p7	18	0	I-well_name
SN0006-06 井录井报告.md__p7	19	6	I-well_name
SN0006-06 井录井报告.md__p9	651	奥	B-strat_unit
SN0006-06 井录井报告.md__p9	652	陶	I-strat_unit
SN0006-06 井录井报告.md__p9	653	系	I-strat_unit
SN0006-06 井录井报告.md__p9	654	下	I-strat_unit
SN0006-06 井录井报告.md__p9	655	统	I-strat_unit
SN0006-06 井录井报告.md__p9	656	马	I-strat_unit
SN0006-06 井录井报告.md__p9	657	家	I-strat_unit
SN0006-06 井录井报告.md__p9	658	沟	I-strat_unit
SN0006-06 井录井报告.md__p9	659	组	I-strat_unit
SN0006-06 井录井报告.md__p24	93	石	B-strat_unit
SN0006-06 井录井报告.md__p24	94	盒	I-strat_unit
SN0006-06 井录井报告.md__p24	95	子	I-strat_unit
SN0006-06 井录井报告.md__p24	96	组	I-strat_unit
SN0006-06 井录井报告.md__p24	98	山	B-strat_unit
SN0006-06 井录井报告.md__p24	99	西	I-strat_unit
SN0006-06 井录井报告.md__p24	100	组	I-strat_unit
SN0006-06 井录井报告.md__p24	194	石	B-strat_unit
SN0006-06 井录井报告.md__p24	195	盒	I-strat_unit
SN0006-06 井录井报告.md__p24	196	子	I-strat_unit
SN0006-06 井录井报告.md__p24	197	组	I-strat_unit
SN0006-06 井录井报告.md__p24	262	石	B-strat_unit
SN0006-06 井录井报告.md__p24	263	盒	I-strat_unit
SN0006-06 井录井报告.md__p24	264	子	I-strat_unit
SN0006-06 井录井报告.md__p24	265	组	I-strat_unit
SN0006-08 井录井报告.md__p1	7	鄂	B-block
SN0006-08 井录井报告.md__p1	8	尔	I-block
SN0006-08 井录井报告.md__p1	9	多	I-block
SN0006-08 井录井报告.md__p1	10	斯	I-block
SN0006-08 井录井报告.md__p1	11	盆	I-block
SN0006-08 井录井报告.md__p1	12	地	I-block
SN0006-08 井录井报告.md__p1	13	伊	I-block
SN0006-08 井录井报告.md__p1	14	陕	I-block
SN0006-08 井录井报告.md__p1	15	斜	I-block
SN0006-08 井录井报告.md__p1	16	坡	I-block
SN0006-08 井录井报告.md__p1	31	S	B-well_name
SN0006-08 井录井报告.md__p1	32	N	I-well_name
SN0006-08 井录井报告.md__p1	33	0	I-well_name
SN0006-08 井录井报告.md__p1	34	0	I-well_name
SN0006-08 井录井报告.md__p1	35	0	I-well_name
SN0006-08 井录井报告.md__p1	36	6	I-well_name
SN0006-08 井录井报告.md__p1	37	-	I-well_name
SN0006-08 井录井报告.md__p1	38	0	I-well_name
SN0006-08 井录井报告.md__p1	39	8	I-well_name
SN0006-08 井录井报告.md__p3	7	S	B-well_name
SN0006-08 井录井报告.md__p3	8	N	I-well_name
SN0006-08 井录井报告.md__p3	9	0	I-well_name
SN0006-08 井录井报告.md__p3	10	0	I-well_name
SN0006-08 井录井报告.md__p3	11	0	I-well_name
SN0006-08 井录井报告.md__p3	12	6	I-well_name
SN0006-08 井录井报告.md__p3	13	-	I-well_name
SN0006-08 井录井报告.md__p3	14	0	I-well_name
SN0006-08 井录井报告.md__p3	15	8	I-well_name
SN0006-08 井录井报告.md__p3	119	苏	B-block
SN0006-08 井录井报告.md__p3	120	里	I-block
SN0006-08 井录井报告.md__p3	121	格	I-block
SN0006-08 井录井报告.md__p3	122	南	I-block
SN0006-08 井录井报告.md__p3	123	作	I-block
SN0006-08 井录井报告.md__p3	124	业	I-block
SN0006-08 井录井报告.md__p3	125	分	I-block
SN0006-08 井录井报告.md__p3	126	公	I-block
SN0006-08 井录井报告.md__p3	127	司	I-block
SN0006-08 井录井报告.md__p4	310	S	B-well_name
SN0006-08 井录井报告.md__p4	311	N	I-well_name
SN0006-08 井录井报告.md__p4	312	0	I-well_name
SN0006-08 井录井报告.md__p4	313	0	I-well_name
SN0006-08 井录井报告.md__p4	314	0	I-well_name
SN0006-08 井录井报告.md__p4	315	6	I-well_name
SN0006-08 井录井报告.md__p4	316	-	I-well_name
SN0006-08 井录井报告.md__p4	317	0	I-well_name
SN0006-08 井录井报告.md__p4	318	8	I-well_name
SN0006-08 井录井报告.md__p6	618	奥	B-strat_unit
SN0006-08 井录井报告.md__p6	619	陶	I-strat_unit
SN0006-08 井录井报告.md__p6	620	系	I-strat_unit
SN0006-08 井录井报告.md__p6	621	下	I-strat_unit
SN0006-08 井录井报告.md__p6	622	统	I-strat_unit
SN0006-08 井录井报告.md__p6	623	马	I-strat_unit
SN0006-08 井录井报告.md__p6	624	家	I-strat_unit
SN0006-08 井录井报告.md__p6	625	沟	I-strat_unit
SN0006-08 井录井报告.md__p6	626	组	I-strat_unit
SN0006-08 井录井报告.md__p19	93	石	B-strat_unit
SN0006-08 井录井报告.md__p19	94	盒	I-strat_unit
SN0006-08 井录井报告.md__p19	95	子	I-strat_unit
SN0006-08 井录井报告.md__p19	96	组	I-strat_unit
SN0006-08 井录井报告.md__p19	98	山	B-strat_unit
SN0006-08 井录井报告.md__p19	99	西	I-strat_unit
SN0006-08 井录井报告.md__p19	100	组	I-strat_unit
SN0006-08 井录井报告.md__p19	119	气	B-lithology
SN0006-08 井录井报告.md__p19	120	藏	I-lithology
SN0006-08 井录井报告.md__p19	194	石	B-strat_unit
SN0006-08 井录井报告.md__p19	195	盒	I-strat_unit
SN0006-08 井录井报告.md__p19	196	子	I-strat_unit
SN0006-08 井录井报告.md__p19	197	组	I-strat_unit
SN0006-09 井录井报告.md__p1	7	鄂	B-block
SN0006-09 井录井报告.md__p1	8	尔	I-block
SN0006-09 井录井报告.md__p1	9	多	I-block
SN0006-09 井录井报告.md__p1	10	斯	I-block
SN0006-09 井录井报告.md__p1	11	盆	I-block
SN0006-09 井录井报告.md__p1	12	地	I-block
SN0006-09 井录井报告.md__p1	13	伊	I-block
SN0006-09 井录井报告.md__p1	14	陕	I-block
SN0006-09 井录井报告.md__p1	15	斜	I-block
SN0006-09 井录井报告.md__p1	16	坡	I-block
SN0006-09 井录井报告.md__p1	31	S	B-well_name
SN0006-09 井录井报告.md__p1	32	N	I-well_name
SN0006-09 井录井报告.md__p1	33	0	I-well_name
SN0006-09 井录井报告.md__p1	34	0	I-well_name
SN0006-09 井录井报告.md__p1	35	0	I-well_name
SN0006-09 井录井报告.md__p1	36	6	I-well_name
SN0006-09 井录井报告.md__p1	37	-	I-well_name
SN0006-09 井录井报告.md__p1	38	0	I-well_name
SN0006-09 井录井报告.md__p1	39	9	I-well_name
SN0006-09 井录井报告.md__p4	309	S	B-well_name
SN0006-09 井录井报告.md__p4	310	N	I-well_name
SN0006-09 井录井报告.md__p4	311	0	I-well_name
SN0006-09 井录井报告.md__p4	312	0	I-well_name
SN0006-09 井录井报告.md__p4	313	0	I-well_name
SN0006-09 井录井报告.md__p4	314	6	I-well_name
SN0006-09 井录井报告.md__p4	315	-	I-well_name
SN0006-09 井录井报告.md__p4	316	0	I-well_name
SN0006-09 井录井报告.md__p4	317	9	I-well_name
SN0006-09 井录井报告.md__p6	610	奥	B-strat_unit
SN0006-09 井录井报告.md__p6	611	陶	I-strat_unit
SN0006-09 井录井报告.md__p6	612	系	I-strat_unit
SN0006-09 井录井报告.md__p6	613	下	I-strat_unit
SN0006-09 井录井报告.md__p6	614	统	I-strat_unit
SN0006-09 井录井报告.md__p6	615	马	I-strat_unit
SN0006-09 井录井报告.md__p6	616	家	I-strat_unit
SN0006-09 井录井报告.md__p6	617	沟	I-strat_unit
SN0006-09 井录井报告.md__p6	618	组	I-strat_unit
SN0006-09 井录井报告.md__p19	91	石	B-strat_unit
SN0006-09 井录井报告.md__p19	92	盒	I-strat_unit
SN0006-09 井录井报告.md__p19	93	子	I-strat_unit
SN0006-09 井录井报告.md__p19	94	组	I-strat_unit
SN0006-09 井录井报告.md__p19	96	山	B-strat_unit
SN0006-09 井录井报告.md__p19	97	西	I-strat_unit
SN0006-09 井录井报告.md__p19	98	组	I-strat_unit
SN0006-09 井录井报告.md__p19	191	石	B-strat_unit
SN0006-09 井录井报告.md__p19	192	盒	I-strat_unit
SN0006-09 井录井报告.md__p19	193	子	I-strat_unit
SN0006-09 井录井报告.md__p19	194	组	I-strat_unit
SN0006-09 井录井报告.md__p19	260	石	B-strat_unit
SN0006-09 井录井报告.md__p19	261	盒	I-strat_unit
SN0006-09 井录井报告.md__p19	262	子	I-strat_unit
SN0006-09 井录井报告.md__p19	263	组	I-strat_unit
SN0008-09 井录井完井报告.md__p1	7	鄂	B-block
SN0008-09 井录井完井报告.md__p1	8	尔	I-block
SN0008-09 井录井完井报告.md__p1	9	多	I-block
SN0008-09 井录井完井报告.md__p1	10	斯	I-block
SN0008-09 井录井完井报告.md__p1	11	盆	I-block
SN0008-09 井录井完井报告.md__p1	12	地	I-block
SN0008-09 井录井完井报告.md__p1	13	伊	I-block
SN0008-09 井录井完井报告.md__p1	14	陕	I-block
SN0008-09 井录井完井报告.md__p1	15	斜	I-block
SN0008-09 井录井完井报告.md__p1	16	坡	I-block
SN0008-09 井录井完井报告.md__p1	31	S	B-well_name
SN0008-09 井录井完井报告.md__p1	32	N	I-well_name
SN0008-09 井录井完井报告.md__p1	33	0	I-well_name
SN0008-09 井录井完井报告.md__p1	34	0	I-well_name
SN0008-09 井录井完井报告.md__p1	35	0	I-well_name
SN0008-09 井录井完井报告.md__p1	36	8	I-well_name
SN0008-09 井录井完井报告.md__p1	37	-	I-well_name
SN0008-09 井录井完井报告.md__p1	38	0	I-well_name
SN0008-09 井录井完井报告.md__p1	39	9	I-well_name
SN0008-09 井录井完井报告.md__p2	7	鄂	B-block
SN0008-09 井录井完井报告.md__p2	8	尔	I-block
SN0008-09 井录井完井报告.md__p2	9	多	I-block
SN0008-09 井录井完井报告.md__p2	10	斯	I-block
SN0008-09 井录井完井报告.md__p2	11	盆	I-block
SN0008-09 井录井完井报告.md__p2	12	地	I-block
SN0008-09 井录井完井报告.md__p2	13	伊	I-block
SN0008-09 井录井完井报告.md__p2	14	陕	I-block
SN0008-09 井录井完井报告.md__p2	15	斜	I-block
SN0008-09 井录井完井报告.md__p2	16	坡	I-block
SN0008-09 井录井完井报告.md__p3	7	鄂	B-block
SN0008-09 井录井完井报告.md__p3	8	尔	I-block
SN0008-09 井录井完井报告.md__p3	9	多	I-block
SN0008-09 井录井完井报告.md__p3	10	斯	I-block
SN0008-09 井录井完井报告.md__p3	11	盆	I-block
SN0008-09 井录井完井报告.md__p3	12	地	I-block
SN0008-09 井录井完井报告.md__p3	13	伊	B-block
SN0008-09 井录井完井报告.md__p3	14	陕	I-block
SN0008-09 井录井完井报告.md__p3	15	斜	I-block
SN0008-09 井录井完井报告.md__p3	16	坡	I-block
SN0008-09 井录井完井报告.md__p3	31	S	B-well_name
SN0008-09 井录井完井报告.md__p3	32	N	I-well_name
SN0008-09 井录井完井报告.md__p3	33	0	I-well_name
SN0008-09 井录井完井报告.md__p3	34	0	I-well_name
SN0008-09 井录井完井报告.md__p3	35	0	I-well_name
SN0008-09 井录井完井报告.md__p3	36	8	I-well_name
SN0008-09 井录井完井报告.md__p3	37	-	I-well_name
SN0008-09 井录井完井报告.md__p3	38	0	I-well_name
SN0008-09 井录井完井报告.md__p3	39	9	I-well_name
SN0008-09 井录井完井报告.md__p22	4	S	B-well_name
SN0008-09 井录井完井报告.md__p22	5	N	I-well_name
SN0008-09 井录井完井报告.md__p22	6	0	I-well_name
SN0008-09 井录井完井报告.md__p22	7	0	I-well_name
SN0008-09 井录井完井报告.md__p22	8	0	I-well_name
SN0008-09 井录井完井报告.md__p22	9	8	I-well_name
SN0008-09 井录井完井报告.md__p22	10	-	I-well_name
SN0008-09 井录井完井报告.md__p22	11	0	I-well_name
SN0008-09 井录井完井报告.md__p22	12	9	I-well_name
SN0008-09 井录井完井报告.md__p22	36	山	B-strat_unit
SN0008-09 井录井完井报告.md__p22	37	西	I-strat_unit
SN0008-09 井录井完井报告.md__p22	38	组	I-strat_unit
SN0008-09 井录井完井报告.md__p23	102	石	B-strat_unit
SN0008-09 井录井完井报告.md__p23	103	盒	I-strat_unit
SN0008-09 井录井完井报告.md__p23	104	子	I-strat_unit
SN0008-09 井录井完井报告.md__p23	105	组	I-strat_unit
SN0008-09 井录井完井报告.md__p23	110	山	B-strat_unit
SN0008-09 井录井完井报告.md__p23	111	西	I-strat_unit
SN0008-09 井录井完井报告.md__p23	112	组	I-strat_unit
SN0008-09 井录井完井报告.md__p23	224	石	B-strat_unit
SN0008-09 井录井完井报告.md__p23	225	盒	I-strat_unit
SN0008-09 井录井完井报告.md__p23	226	子	I-strat_unit
SN0008-09 井录井完井报告.md__p23	227	组	I-strat_unit
SN0015-08 井录井完井报告.md__p1	7	鄂	B-block
SN0015-08 井录井完井报告.md__p1	8	尔	I-block
SN0015-08 井录井完井报告.md__p1	9	多	I-block
SN0015-08 井录井完井报告.md__p1	10	斯	I-block
SN0015-08 井录井完井报告.md__p1	11	盆	I-block
SN0015-08 井录井完井报告.md__p1	12	地	I-block
SN0015-08 井录井完井报告.md__p1	13	伊	B-block
SN0015-08 井录井完井报告.md__p1	14	陕	I-block
SN0015-08 井录井完井报告.md__p1	15	斜	I-block
SN0015-08 井录井完井报告.md__p1	16	坡	I-block
SN0015-08 井录井完井报告.md__p1	31	S	B-well_name
SN0015-08 井录井完井报告.md__p1	32	N	I-well_name
SN0015-08 井录井完井报告.md__p1	33	0	I-well_name
SN0015-08 井录井完井报告.md__p1	34	0	I-well_name
SN0015-08 井录井完井报告.md__p1	35	1	I-well_name
SN0015-08 井录井完井报告.md__p1	36	5	I-well_name
SN0015-08 井录井完井报告.md__p1	37	-	I-well_name
SN0015-08 井录井完井报告.md__p1	38	0	I-well_name
SN0015-08 井录井完井报告.md__p1	39	8	I-well_name
SN0015-08 井录井完井报告.md__p2	7	鄂	B-block
SN0015-08 井录井完井报告.md__p2	8	尔	I-block
SN0015-08 井录井完井报告.md__p2	9	多	I-block
SN0015-08 井录井完井报告.md__p2	10	斯	I-block
SN0015-08 井录井完井报告.md__p2	11	盆	I-block
SN0015-08 井录井完井报告.md__p2	12	地	I-block
SN0015-08 井录井完井报告.md__p2	13	伊	I-block
SN0015-08 井录井完井报告.md__p2	14	陕	I-block
SN0015-08 井录井完井报告.md__p2	15	斜	I-block
SN0015-08 井录井完井报告.md__p2	16	坡	I-block
SN0015-08 井录井完井报告.md__p3	7	S	B-well_name
SN0015-08 井录井完井报告.md__p3	8	N	I-well_name
SN0015-08 井录井完井报告.md__p3	9	0	I-well_name
SN0015-08 井录井完井报告.md__p3	10	0	I-well_name
SN0015-08 井录井完井报告.md__p3	11	1	I-well_name
SN0015-08 井录井完井报告.md__p3	12	5	I-well_name
SN0015-08 井录井完井报告.md__p3	13	-	I-well_name
SN0015-08 井录井完井报告.md__p3	14	0	I-well_name
SN0015-08 井录井完井报告.md__p3	15	8	I-well_name
SN0015-08 井录井完井报告.md__p3	319	苏	B-block
SN0015-08 井录井完井报告.md__p3	320	里	I-block
SN0015-08 井录井完井报告.md__p3	321	格	I-block
SN0015-08 井录井完井报告.md__p3	322	南	I-block
SN0015-08 井录井完井报告.md__p3	323	作	I-block
SN0015-08 井录井完井报告.md__p3	324	业	I-block
SN0015-08 井录井完井报告.md__p3	325	分	I-block
SN0015-08 井录井完井报告.md__p3	326	公	I-block
SN0015-08 井录井完井报告.md__p3	327	司	I-block
SN0015-08 井录井完井报告.md__p19	91	石	B-strat_unit
SN0015-08 井录井完井报告.md__p19	92	盒	I-strat_unit
SN0015-08 井录井完井报告.md__p19	93	子	I-strat_unit
SN0015-08 井录井完井报告.md__p19	94	组	I-strat_unit
SN0015-08 井录井完井报告.md__p19	96	山	B-strat_unit
SN0015-08 井录井完井报告.md__p19	97	西	I-strat_unit
SN0015-08 井录井完井报告.md__p19	98	组	I-strat_unit
SN0015-08 井录井完井报告.md__p19	191	石	B-strat_unit
SN0015-08 井录井完井报告.md__p19	192	盒	I-strat_unit
SN0015-08 井录井完井报告.md__p19	193	子	I-strat_unit
SN0015-08 井录井完井报告.md__p19	194	组	I-strat_unit
SN0015-08 井录井完井报告.md__p20	0	S	B-well_name
SN0015-08 井录井完井报告.md__p20	1	N	I-well_name
SN0015-08 井录井完井报告.md__p20	2	0	I-well_name
SN0015-08 井录井完井报告.md__p20	3	0	I-well_name
SN0015-08 井录井完井报告.md__p20	4	1	I-well_name
SN0015-08 井录井完井报告.md__p20	5	5	I-well_name
SN0015-08 井录井完井报告.md__p20	6	-	I-well_name
SN0015-08 井录井完井报告.md__p20	7	0	I-well_name
SN0015-08 井录井完井报告.md__p20	8	8	I-well_name
SN0015-08 井录井完井报告.md__p21	0	S	B-well_name
SN0015-08 井录井完井报告.md__p21	1	N	I-well_name
SN0015-08 井录井完井报告.md__p21	2	0	I-well_name
SN0015-08 井录井完井报告.md__p21	3	0	I-well_name
SN0015-08 井录井完井报告.md__p21	4	1	I-well_name
SN0015-08 井录井完井报告.md__p21	5	5	I-well_name
SN0015-08 井录井完井报告.md__p21	6	-	I-well_name
SN0015-08 井录井完井报告.md__p21	7	0	I-well_name
SN0015-08 井录井完井报告.md__p21	8	8	I-well_name
SN0015-08 井录井完井报告.md__p34	24	S	B-well_name
SN0015-08 井录井完井报告.md__p34	25	N	I-well_name
SN0015-08 井录井完井报告.md__p34	26	0	I-well_name
SN0015-08 井录井完井报告.md__p34	27	0	I-well_name
SN0015-08 井录井完井报告.md__p34	28	1	I-well_name
SN0015-08 井录井完井报告.md__p34	29	5	I-well_name
SN0015-08 井录井完井报告.md__p34	30	-	I-well_name
SN0015-08 井录井完井报告.md__p34	31	0	I-well_name
SN0015-08 井录井完井报告.md__p34	32	8	I-well_name
SN0015-08 井录井完井报告.md__p35	22	S	B-well_name
SN0015-08 井录井完井报告.md__p35	23	N	I-well_name
SN0015-08 井录井完井报告.md__p35	24	0	I-well_name
SN0015-08 井录井完井报告.md__p35	25	0	I-well_name
SN0015-08 井录井完井报告.md__p35	26	1	I-well_name
SN0015-08 井录井完井报告.md__p35	27	5	I-well_name
SN0015-08 井录井完井报告.md__p35	28	-	I-well_name
SN0015-08 井录井完井报告.md__p35	29	0	I-well_name
SN0015-08 井录井完井报告.md__p35	30	8	I-well_name
SN0015-08 井录井完井报告.md__p36	22	S	B-well_name
SN0015-08 井录井完井报告.md__p36	23	N	I-well_name
SN0015-08 井录井完井报告.md__p36	24	0	I-well_name
SN0015-08 井录井完井报告.md__p36	25	0	I-well_name
SN0015-08 井录井完井报告.md__p36	26	1	I-well_name
SN0015-08 井录井完井报告.md__p36	27	5	I-well_name
SN0015-08 井录井完井报告.md__p36	28	-	I-well_name
SN0015-08 井录井完井报告.md__p36	29	0	I-well_name
SN0015-08 井录井完井报告.md__p36	30	8	I-well_name
井一井录井完井报告.md__p1	7	鄂	B-block
井一井录井完井报告.md__p1	8	尔	I-block
井一井录井完井报告.md__p1	9	多	I-block
井一井录井完井报告.md__p1	10	斯	I-block
井一井录井完井报告.md__p1	11	盆	I-block
井一井录井完井报告.md__p1	12	地	I-block
井一井录井完井报告.md__p1	13	伊	I-block
井一井录井完井报告.md__p1	14	陕	I-block
井一井录井完井报告.md__p1	15	斜	I-block
井一井录井完井报告.md__p1	16	坡	I-block
井一井录井完井报告.md__p17	33	石	B-strat_unit
井一井录井完井报告.md__p17	34	盒	I-strat_unit
井一井录井完井报告.md__p17	35	子	I-strat_unit
井一井录井完井报告.md__p17	36	组	I-strat_unit
井二井录井完井报告.md__p1	40	鄂	B-block
井二井录井完井报告.md__p1	41	尔	I-block
井二井录井完井报告.md__p1	42	多	I-block
井二井录井完井报告.md__p1	43	斯	I-block
井二井录井完井报告.md__p1	44	盆	I-block
井二井录井完井报告.md__p1	45	地	I-block
井二井录井完井报告.md__p1	46	伊	I-block
井二井录井完井报告.md__p1	47	陕	I-block
井二井录井完井报告.md__p1	48	斜	I-block
井二井录井完井报告.md__p1	49	坡	I-block
井二井录井完井报告.md__p2	7	鄂	B-block
井二井录井完井报告.md__p2	8	尔	I-block
井二井录井完井报告.md__p2	9	多	I-block
井二井录井完井报告.md__p2	10	斯	I-block
井二井录井完井报告.md__p2	11	盆	I-block
井二井录井完井报告.md__p2	12	地	I-block
井二井录井完井报告.md__p2	13	伊	I-block
井二井录井完井报告.md__p2	14	陕	I-block
井二井录井完井报告.md__p2	15	斜	I-block
井二井录井完井报告.md__p2	16	坡	I-block
井二井录井完井报告.md__p2	93	苏	B-block
井二井录井完井报告.md__p2	94	里	I-block
井二井录井完井报告.md__p2	95	格	I-block
井二井录井完井报告.md__p2	96	南	I-block
井二井录井完井报告.md__p2	97	作	I-block
井二井录井完井报告.md__p2	98	业	I-block
井二井录井完井报告.md__p2	99	分	I-block
井二井录井完井报告.md__p2	100	公	I-block
井二井录井完井报告.md__p2	101	司	I-block
井二井录井完井报告.md__p19	9	S	B-well_name
井二井录井完井报告.md__p19	10	N	I-well_name
井二井录井完井报告.md__p19	11	0	I-well_name
井二井录井完井报告.md__p19	12	0	I-well_name
井二井录井完井报告.md__p19	13	1	I-well_name
井二井录井完井报告.md__p19	14	2	I-well_name
井二井录井完井报告.md__p19	15	-	I-well_name
井二井录井完井报告.md__p19	16	0	I-well_name
井二井录井完井报告.md__p19	17	6	I-well_name
井二井录井完井报告.md__p19	90	S	B-well_name
井二井录井完井报告.md__p19	91	N	I-well_name
井二井录井完井报告.md__p19	92	0	I-well_name
井二井录井完井报告.md__p19	93	0	I-well_name
井二井录井完井报告.md__p19	94	5	I-well_name
井二井录井完井报告.md__p19	95	4	I-well_name
井二井录井完井报告.md__p19	96	-	I-well_name
井二井录井完井报告.md__p19	97	0	I-well_name
井二井录井完井报告.md__p19	98	7	I-well_name
井二井录井完井报告.md__p19	204	山	B-strat_unit
井二井录井完井报告.md__p19	205	西	I-strat_unit
井二井录井完井报告.md__p19	206	组	I-strat_unit
井二井录井完井报告.md__p19	349	石	B-strat_unit
井二井录井完井报告.md__p19	350	盒	I-strat_unit
井二井录井完井报告.md__p19	351	子	I-strat_unit
井二井录井完井报告.md__p19	352	组	I-strat_unit
井二井录井完井报告.md__p19	354	山	B-strat_unit
井二井录井完井报告.md__p19	355	西	I-strat_unit
井二井录井完井报告.md__p19	356	组	I-strat_unit
井二井录井完井报告.md__p19	438	石	B-strat_unit
井二井录井完井报告.md__p19	439	盒	I-strat_unit
井二井录井完井报告.md__p19	440	子	I-strat_unit
井二井录井完井报告.md__p19	441	组	I-strat_unit
